Config_Name,Alpha,Beta,Gamma,mAP50,mAP50-95
Default,0.02,0.04,0.01,0.995,0.7199834911289967
Beta_0.02,0.02,0.02,0.01,0.995,0.7155723385705214
